exposure,exposure_group,n,deaths,non_deaths,mortality_proportion,crude_odds,crude_odds_ratio_vs_no_early_raas
0,No early RAAS inhibitor use,403961,2177,401784,0.00538913409957892,0.005418334229337156,1.0
1,Early RAAS inhibitor use,56825,149,56676,0.002622085349758029,0.0026289787564401155,0.4852005515284958
